procedure,candidate_key,statin_included,selection_count,selection_rate
clinical_ml,ridge|direct|alpha=0.1,True,1,0.047619047619047616
clinical_ml,ridge|direct|alpha=1.0,False,2,0.09523809523809523
clinical_ml,ridge|direct|alpha=10.0,False,6,0.2857142857142857
clinical_ml,ridge|sqrt|alpha=10.0,False,12,0.5714285714285714
pharmacogenomic_ml,ridge|direct|alpha=0.1,False,3,0.14285714285714285
pharmacogenomic_ml,ridge|direct|alpha=1.0,False,6,0.2857142857142857
pharmacogenomic_ml,ridge|direct|alpha=10.0,False,10,0.47619047619047616
pharmacogenomic_ml,ridge|direct|alpha=10.0,True,1,0.047619047619047616
pharmacogenomic_ml,ridge|sqrt|alpha=10.0,False,1,0.047619047619047616
